key,translation,notes
会导致游戏内动作和 BetterGI 功能同时触发，建议更换为其他按键。是否继续使用？,,
± 鼠标右击添加或删除任务,,
个任务添加成功,,
"(二次拾取：琴首次拾取空,再次拾取。万叶即使刚使用过技能，也会强制再次拾取。)",,
"(二次拾取：琴首次拾取空,再次拾取。即使万叶刚使用过技能，也会强制再次拾取。)",,
(实验性功能) 战斗时按下方设置的间隔尝试靠近或旋转寻找敌人。,,
(建议配合1秒左右“更快检测结束战斗”) 打开队伍界面检测战斗结束前，先检测敌人，判断是否需靠近敌或旋转寻找敌人。(Q前检查：释放Q技能前检测是否结束战斗。尝试面敌：开战寻敌，战斗尝试面向敌人),,
+ 添加条件,,
15天,,
1天,,
1星圣遗物,,
2星圣遗物,,
31天,,
3天,,
3星圣遗物,,
4星圣遗物,,
60帧模式,,
61天,,
7天,,
92天,,
<壶灵>,,
AI推理设备设置,,
API 基础 URL（可选）,,
API密钥,,
BGI UI Language,,
BGI界面语言,,
Bark API 端点,,
Bark ios 推送通知,,
BetterGI · 更好的原神 · {Global.Version}{(RuntimeHelper.IsDebug ?,,
BetterGI 截图器，启动！,,
BetterGI 更好的原神,,
Better原神,,
B站账号（视频教程）:,,
CD &lt; 0.8s 时数字颜色,,
CD &lt; 0.8s 时背景颜色,,
CD ≥ 0.8s 时数字颜色,,
CD ≥ 0.8s 时背景颜色,,
CD(秒):,,
CUDA设备ID,,
CUDA配置,,
Discord Webhook 通知相关设置,,
Emoji 彩色渲染失败，已回退为系统字体：{ex.Message},,
E战技,,
GPU设备ID,,
Game Language,,
Git一键更新,,
HTML 块已按安全文本子集渲染，样式和脚本不会执行。,,
HTML遮罩恢复游戏焦点失败,,
HTML遮罩窗口不存在或已关闭: {windowId},,
HTML遮罩窗口位置更新失败,,
HTML遮罩窗口消息推送异常,,
HTML遮罩窗口激活失败,,
HTML遮罩资源请求拦截异常,,
Hutao Cloud 胡桃云⚡,,
JS HTTP权限,,
JS 脚本,,
JS 通知权限,,
JSON 编辑器,,
Markdown 与 FilePath 不能同时设置。,,
Markdown 加载失败,,
Markdown 图片,,
Markdown 图片不存在。,,
Markdown 文件不存在：{filePath},,
MaskWindow 未初始化,,
MeoW 推送通知相关设置,,
Mirror酱服务 💰,,
OCR 相关配置，面向进阶用户。,,
OCR 配置,,
OneBot 请求地址,,
OneBot 通知相关设置,,
OpenVino 设备参数,,
OpenVino配置,,
PNG 无损，JPEG 快速压缩，WebP 档案小，按需选择,,
PaddleOCR模型,,
PaddleOcr预热结果:,,
"Paddle可识别所有文字,速度慢,消耗少;Yap可识别部分文字,快且准,消耗大",,
QQ 号,,
Q前检测,,
Q爆发,,
SMTP 密码,,
SMTP 服务器,,
SMTP 服务器端口,,
SMTP 用户名,,
ServerChan 推送通知相关设置,,
Shell执行超时,,
Shell执行配置,,
Steambird 服务 🆓,,
Telegram 机器人相关设置,,
TensorRT配置,,
UI Language,,
URL不在允许列表中，拦截HTML遮罩网络请求: {Uri},,
URL更新,,
"WX_MP,WX_QY_ROBOT,DING_ROBOT,BARK",,
WebSocket 相关设置,,
WebSocket 端点,,
WebView2 初始化失败: {e.Message},,
Webhook 相关设置,,
Webhook 端点,,
Webhook 网址,,
Windows 通知别与游戏界面重叠，否则易误点通知,,
WindowsGraphicsCapture 截图方式启用位图缓存,,
_currentPathingMap 未初始化,,
active（默认通知）,,
cookie与调度器日志处同步,,
critical（重要通知）,,
passive（通知但不提醒）,,
sensitive（专注通知）,,
xxtui 信息推送通知相关设置,,
zh-Hans 无语言文件，无需更新。,,
{TemplateBinding ContentControl.Content},,
"{_request.AlternativeText}
图片加载失败：{friendlyMessage}",,
{d:DesignInstance Type=oneDragon:CraftViewModel},,
{d:DesignInstance Type=oneDragon:DailyCommissionViewModel},,
{d:DesignInstance Type=oneDragon:DailyRewardViewModel},,
{d:DesignInstance Type=oneDragon:DomainViewModel},,
{d:DesignInstance Type=oneDragon:ForgingViewModel},,
{d:DesignInstance Type=oneDragon:LeyLineBlossomViewModel},,
{d:DesignInstance Type=oneDragon:MailViewModel},,
{d:DesignInstance Type=oneDragon:SereniteaPotViewModel},,
{d:DesignInstance Type=oneDragon:TcgViewModel},,
{d:DesignInstance Type=pages:CommonSettingsPageViewModel},,
{d:DesignInstance Type=pages:HardwareAccelerationViewModel},,
{d:DesignInstance Type=pages:HomePageViewModel},,
{d:DesignInstance Type=pages:HotKeyPageViewModel},,
{d:DesignInstance Type=pages:JsListViewModel},,
{d:DesignInstance Type=pages:KeyBindingsSettingsPageViewModel},,
{d:DesignInstance Type=pages:KeyMouseRecordPageViewModel},,
{d:DesignInstance Type=pages:MacroSettingsPageViewModel},,
{d:DesignInstance Type=pages:MapPathingViewModel},,
{d:DesignInstance Type=pages:NotificationSettingsPageViewModel},,
{d:DesignInstance Type=pages:OneDragonFlowViewModel},,
{d:DesignInstance Type=pages:ScriptControlViewModel},,
{d:DesignInstance Type=pages:ScriptGroupConfigViewModel},,
{d:DesignInstance Type=pages:TaskSettingsPageViewModel},,
{d:DesignInstance Type=pages:TriggerSettingsPageViewModel},,
{d:DesignInstance Type=view:PathingConfigViewModel},,
{d:DesignInstance Type=viewModel:MainWindowViewModel},,
{d:DesignInstance Type=windows:MapPathingDevViewModel},,
{d:DesignInstance Type=windows:MapViewerViewModel},,
{item.Name} 修改失败,,
{item.Name} 删除失败,,
{item.Name} 已经被删除,,
{item.Name} 的关联配置已经移除,,
{language} 图表渲染器尚未配置，已显示源码。,,
{model.FunctionName} 快捷键变更为 {model.HotKey},,
{model.FunctionName} 快捷键类型变更为 {model.HotKeyType.ToChineseName()},,
{model.FunctionName}使用{hotKeyId.ToName()}键会与原神键位冲突：,,
{scriptGroup.Name} 保存失败！,,
❗本软件从未授权任何第三方平台进行,,
。如果你是付费获取的本软件（闲鱼、淘宝等），请举报商家并发起,,
