resx_base,key,base_value,target_file,target_value,reason
BetterGenshinImpact/GameTask/AutoArtifactSalvage/AutoArtifactSalvageTask.zh-Hans.resx,1星圣遗物,1星圣遗物,BetterGenshinImpact/GameTask/AutoArtifactSalvage/AutoArtifactSalvageTask.th.resx,,missing-file
BetterGenshinImpact/GameTask/AutoArtifactSalvage/AutoArtifactSalvageTask.zh-Hans.resx,2星圣遗物,2星圣遗物,BetterGenshinImpact/GameTask/AutoArtifactSalvage/AutoArtifactSalvageTask.th.resx,,missing-file
BetterGenshinImpact/GameTask/AutoArtifactSalvage/AutoArtifactSalvageTask.zh-Hans.resx,3星圣遗物,3星圣遗物,BetterGenshinImpact/GameTask/AutoArtifactSalvage/AutoArtifactSalvageTask.th.resx,,missing-file
BetterGenshinImpact/GameTask/AutoArtifactSalvage/AutoArtifactSalvageTask.zh-Hans.resx,4星圣遗物,4星圣遗物,BetterGenshinImpact/GameTask/AutoArtifactSalvage/AutoArtifactSalvageTask.th.resx,,missing-file
BetterGenshinImpact/GameTask/AutoArtifactSalvage/AutoArtifactSalvageTask.zh-Hans.resx,元素充能效率,元素充能效率,BetterGenshinImpact/GameTask/AutoArtifactSalvage/AutoArtifactSalvageTask.th.resx,,missing-file
BetterGenshinImpact/GameTask/AutoArtifactSalvage/AutoArtifactSalvageTask.zh-Hans.resx,元素精通,元素精通,BetterGenshinImpact/GameTask/AutoArtifactSalvage/AutoArtifactSalvageTask.th.resx,,missing-file
BetterGenshinImpact/GameTask/AutoArtifactSalvage/AutoArtifactSalvageTask.zh-Hans.resx,冰元素伤害加成,冰元素伤害加成,BetterGenshinImpact/GameTask/AutoArtifactSalvage/AutoArtifactSalvageTask.th.resx,,missing-file
BetterGenshinImpact/GameTask/AutoArtifactSalvage/AutoArtifactSalvageTask.zh-Hans.resx,岩元素伤害加成,岩元素伤害加成,BetterGenshinImpact/GameTask/AutoArtifactSalvage/AutoArtifactSalvageTask.th.resx,,missing-file
BetterGenshinImpact/GameTask/AutoArtifactSalvage/AutoArtifactSalvageTask.zh-Hans.resx,快速选择,快速选择,BetterGenshinImpact/GameTask/AutoArtifactSalvage/AutoArtifactSalvageTask.th.resx,,missing-file
BetterGenshinImpact/GameTask/AutoArtifactSalvage/AutoArtifactSalvageTask.zh-Hans.resx,攻击力,攻击力,BetterGenshinImpact/GameTask/AutoArtifactSalvage/AutoArtifactSalvageTask.th.resx,,missing-file
BetterGenshinImpact/GameTask/AutoArtifactSalvage/AutoArtifactSalvageTask.zh-Hans.resx,暴击伤害,暴击伤害,BetterGenshinImpact/GameTask/AutoArtifactSalvage/AutoArtifactSalvageTask.th.resx,,missing-file
BetterGenshinImpact/GameTask/AutoArtifactSalvage/AutoArtifactSalvageTask.zh-Hans.resx,暴击率,暴击率,BetterGenshinImpact/GameTask/AutoArtifactSalvage/AutoArtifactSalvageTask.th.resx,,missing-file
BetterGenshinImpact/GameTask/AutoArtifactSalvage/AutoArtifactSalvageTask.zh-Hans.resx,水元素伤害加成,水元素伤害加成,BetterGenshinImpact/GameTask/AutoArtifactSalvage/AutoArtifactSalvageTask.th.resx,,missing-file
BetterGenshinImpact/GameTask/AutoArtifactSalvage/AutoArtifactSalvageTask.zh-Hans.resx,治疗加成,治疗加成,BetterGenshinImpact/GameTask/AutoArtifactSalvage/AutoArtifactSalvageTask.th.resx,,missing-file
BetterGenshinImpact/GameTask/AutoArtifactSalvage/AutoArtifactSalvageTask.zh-Hans.resx,火元素伤害加成,火元素伤害加成,BetterGenshinImpact/GameTask/AutoArtifactSalvage/AutoArtifactSalvageTask.th.resx,,missing-file
BetterGenshinImpact/GameTask/AutoArtifactSalvage/AutoArtifactSalvageTask.zh-Hans.resx,物理伤害加成,物理伤害加成,BetterGenshinImpact/GameTask/AutoArtifactSalvage/AutoArtifactSalvageTask.th.resx,,missing-file
BetterGenshinImpact/GameTask/AutoArtifactSalvage/AutoArtifactSalvageTask.zh-Hans.resx,生命值,生命值,BetterGenshinImpact/GameTask/AutoArtifactSalvage/AutoArtifactSalvageTask.th.resx,,missing-file
BetterGenshinImpact/GameTask/AutoArtifactSalvage/AutoArtifactSalvageTask.zh-Hans.resx,草元素伤害加成,草元素伤害加成,BetterGenshinImpact/GameTask/AutoArtifactSalvage/AutoArtifactSalvageTask.th.resx,,missing-file
BetterGenshinImpact/GameTask/AutoArtifactSalvage/AutoArtifactSalvageTask.zh-Hans.resx,防御力,防御力,BetterGenshinImpact/GameTask/AutoArtifactSalvage/AutoArtifactSalvageTask.th.resx,,missing-file
BetterGenshinImpact/GameTask/AutoArtifactSalvage/AutoArtifactSalvageTask.zh-Hans.resx,雷元素伤害加成,雷元素伤害加成,BetterGenshinImpact/GameTask/AutoArtifactSalvage/AutoArtifactSalvageTask.th.resx,,missing-file
BetterGenshinImpact/GameTask/AutoArtifactSalvage/AutoArtifactSalvageTask.zh-Hans.resx,风元素伤害加成,风元素伤害加成,BetterGenshinImpact/GameTask/AutoArtifactSalvage/AutoArtifactSalvageTask.th.resx,,missing-file
BetterGenshinImpact/GameTask/AutoDomain/AutoDomainTask.zh-Hans.resx,地脉异常,地脉异常,BetterGenshinImpact/GameTask/AutoDomain/AutoDomainTask.th.resx,,missing-file
BetterGenshinImpact/GameTask/AutoDomain/AutoDomainTask.zh-Hans.resx,挑战达成,(挑战|达成),BetterGenshinImpact/GameTask/AutoDomain/AutoDomainTask.th.resx,,missing-file
BetterGenshinImpact/GameTask/AutoDomain/AutoDomainTask.zh-Hans.resx,点击任意位置关闭,点击任意位置关闭,BetterGenshinImpact/GameTask/AutoDomain/AutoDomainTask.th.resx,,missing-file
BetterGenshinImpact/GameTask/AutoDomain/AutoDomainTask.zh-Hans.resx,自动退出,(自动|退出),BetterGenshinImpact/GameTask/AutoDomain/AutoDomainTask.th.resx,,missing-file
BetterGenshinImpact/GameTask/AutoDomain/AutoDomainTask.zh-Hans.resx,跳过,跳过,BetterGenshinImpact/GameTask/AutoDomain/AutoDomainTask.th.resx,,missing-file
BetterGenshinImpact/GameTask/AutoFishing/AutoFishingTask.zh-Hans.resx,上钩,上钩,BetterGenshinImpact/GameTask/AutoFishing/AutoFishingTask.th.resx,,missing-file
BetterGenshinImpact/GameTask/AutoFishing/AutoFishingTask.zh-Hans.resx,钓鱼,钓鱼,BetterGenshinImpact/GameTask/AutoFishing/AutoFishingTask.th.resx,,missing-file
BetterGenshinImpact/GameTask/AutoTrackPath/TpTask.zh-Hans.resx,尘歌壶,尘歌壶,BetterGenshinImpact/GameTask/AutoTrackPath/TpTask.th.resx,,missing-file
BetterGenshinImpact/GameTask/AutoTrackPath/TpTask.zh-Hans.resx,挪德卡莱,挪德卡莱,BetterGenshinImpact/GameTask/AutoTrackPath/TpTask.th.resx,,missing-file
BetterGenshinImpact/GameTask/AutoTrackPath/TpTask.zh-Hans.resx,枫丹,枫丹,BetterGenshinImpact/GameTask/AutoTrackPath/TpTask.th.resx,,missing-file
BetterGenshinImpact/GameTask/AutoTrackPath/TpTask.zh-Hans.resx,璃月,璃月,BetterGenshinImpact/GameTask/AutoTrackPath/TpTask.th.resx,,missing-file
BetterGenshinImpact/GameTask/AutoTrackPath/TpTask.zh-Hans.resx,稻妻,稻妻,BetterGenshinImpact/GameTask/AutoTrackPath/TpTask.th.resx,,missing-file
BetterGenshinImpact/GameTask/AutoTrackPath/TpTask.zh-Hans.resx,纳塔,纳塔,BetterGenshinImpact/GameTask/AutoTrackPath/TpTask.th.resx,,missing-file
BetterGenshinImpact/GameTask/AutoTrackPath/TpTask.zh-Hans.resx,蒙德,蒙德,BetterGenshinImpact/GameTask/AutoTrackPath/TpTask.th.resx,,missing-file
BetterGenshinImpact/GameTask/AutoTrackPath/TpTask.zh-Hans.resx,须弥,须弥,BetterGenshinImpact/GameTask/AutoTrackPath/TpTask.th.resx,,missing-file
BetterGenshinImpact/GameTask/Common/BgiVision/BvResxHelper.zh-Hans.resx,复苏,复苏,BetterGenshinImpact/GameTask/Common/BgiVision/BvResxHelper.th.resx,,missing-file
BetterGenshinImpact/GameTask/Common/Job/CheckRewardsTask.zh-Hans.resx,今日奖励已领取,今日奖励已领取,BetterGenshinImpact/GameTask/Common/Job/CheckRewardsTask.th.resx,,missing-file
BetterGenshinImpact/GameTask/Common/Job/ClaimBattlePassRewardsTask.zh-Hans.resx,一键,一键,BetterGenshinImpact/GameTask/Common/Job/ClaimBattlePassRewardsTask.th.resx,,missing-file
BetterGenshinImpact/GameTask/Common/Job/ClaimBattlePassRewardsTask.zh-Hans.resx,领取,领取,BetterGenshinImpact/GameTask/Common/Job/ClaimBattlePassRewardsTask.th.resx,,missing-file
BetterGenshinImpact/GameTask/Common/Job/ClaimEncounterPointsRewardsTask.zh-Hans.resx,委托,委托,BetterGenshinImpact/GameTask/Common/Job/ClaimEncounterPointsRewardsTask.th.resx,,missing-file
BetterGenshinImpact/GameTask/Common/Job/GoToAdventurersGuildTask.zh-Hans.resx,凯瑟琳,凯瑟琳,BetterGenshinImpact/GameTask/Common/Job/GoToAdventurersGuildTask.th.resx,,missing-file
BetterGenshinImpact/GameTask/Common/Job/GoToAdventurersGuildTask.zh-Hans.resx,探索,探索,BetterGenshinImpact/GameTask/Common/Job/GoToAdventurersGuildTask.th.resx,,missing-file
BetterGenshinImpact/GameTask/Common/Job/GoToAdventurersGuildTask.zh-Hans.resx,每日,每日,BetterGenshinImpact/GameTask/Common/Job/GoToAdventurersGuildTask.th.resx,,missing-file
BetterGenshinImpact/GameTask/Common/Job/GoToCraftingBenchTask.zh-Hans.resx,合成,合成,BetterGenshinImpact/GameTask/Common/Job/GoToCraftingBenchTask.th.resx,,missing-file
BetterGenshinImpact/View/Converters/CultureInfoNameToKVPConverter.zh-Hans.resx,简体中文,简体中文,BetterGenshinImpact/View/Converters/CultureInfoNameToKVPConverter.th.resx,,missing-file
